poster,url,description,venue
1,https://www.youtube.com/embed/7a0hbT0QtSw,cool video,1
1,https://www.youtube.com/embed/7a0hbT0QtSw,cool video,2
1,https://www.youtube.com/embed/7a0hbT0QtSw,cool video,3
8,https://www.youtube.com/embed/7a0hbT0QtSw,filler video,15
2,https://www.youtube.com/embed/7a0hbT0QtSw,filler video,16
3,https://www.youtube.com/embed/7a0hbT0QtSw,filler video,17
4,https://www.youtube.com/embed/7a0hbT0QtSw,filler video,18
5,https://www.youtube.com/embed/7a0hbT0QtSw,filler video,19
6,https://www.youtube.com/embed/7a0hbT0QtSw,filler video,20
7,https://www.youtube.com/embed/7a0hbT0QtSw,filler video,21
9,https://www.youtube.com/embed/7a0hbT0QtSw,filler video,22
10,https://www.youtube.com/embed/7a0hbT0QtSw,filler video,23
11,https://www.youtube.com/embed/7a0hbT0QtSw,filler video,24
12,https://www.youtube.com/embed/7a0hbT0QtSw,filler video,25
1,https://www.youtube.com/embed/7a0hbT0QtSw,filler video,26
1,https://www.youtube.com/embed/7a0hbT0QtSw,filler video,27
1,https://www.youtube.com/embed/7a0hbT0QtSw,filler video,28
1,https://www.youtube.com/embed/7a0hbT0QtSw,filler video,29
3,https://www.youtube.com/embed/7a0hbT0QtSw,filler video,4
23,https://www.youtube.com/embed/7a0hbT0QtSw,filler video,5
7,https://www.youtube.com/embed/7a0hbT0QtSw,filler video,6
34,https://www.youtube.com/embed/7a0hbT0QtSw,filler video,7
35,https://www.youtube.com/embed/7a0hbT0QtSw,filler video,8
40,https://www.youtube.com/embed/7a0hbT0QtSw,filler video,2
1,https://www.youtube.com/watch?v=AQkbbtDoPq0,filler video,1
1,https://www.youtube.com/watch?v=AQkbbtDoPq0,filler video,11
1,https://www.youtube.com/watch?v=AQkbbtDoPq0,filler video,18
1,https://www.youtube.com/watch?v=AQkbbtDoPq0,filler video,24
1,https://www.youtube.com/watch?v=AQkbbtDoPq0,filler video,3
2,https://www.youtube.com/watch?v=AQkbbtDoPq0,filler video,2
2,https://www.youtube.com/watch?v=AQkbbtDoPq0,filler video,12
2,https://www.youtube.com/watch?v=AQkbbtDoPq0,filler video,16
2,https://www.youtube.com/watch?v=AQkbbtDoPq0,filler video,1
2,https://www.youtube.com/watch?v=AQkbbtDoPq0,filler video,11
3,https://www.youtube.com/watch?v=AQkbbtDoPq0,filler video,18
4,https://www.youtube.com/watch?v=AQkbbtDoPq0,filler video,24
5,https://www.youtube.com/watch?v=AQkbbtDoPq0,filler video,3
6,https://www.youtube.com/watch?v=AQkbbtDoPq0,filler video,2
7,https://www.youtube.com/watch?v=AQkbbtDoPq0,filler video,12
8,https://www.youtube.com/watch?v=AQkbbtDoPq0,filler video,16
2,https://www.youtube.com/watch?v=AQkbbtDoPq0,filler video,1
3,https://www.youtube.com/watch?v=AQkbbtDoPq0,filler video,11
4,https://www.youtube.com/watch?v=AQkbbtDoPq0,filler video,18
5,https://www.youtube.com/watch?v=AQkbbtDoPq0,filler video,24
6,https://www.youtube.com/watch?v=AQkbbtDoPq0,filler video,3
7,https://www.youtube.com/watch?v=AQkbbtDoPq0,filler video,2
9,https://www.youtube.com/watch?v=AQkbbtDoPq0,filler video,12
10,https://www.youtube.com/watch?v=AQkbbtDoPq0,filler video,16
11,https://www.youtube.com/watch?v=AQkbbtDoPq0,filler video,1
12,https://www.youtube.com/watch?v=AQkbbtDoPq0,filler video,11
1,https://www.youtube.com/watch?v=AQkbbtDoPq0,filler video,18
1,https://www.youtube.com/watch?v=AQkbbtDoPq0,filler video,24
1,https://www.youtube.com/watch?v=AQkbbtDoPq0,filler video,3
1,https://www.youtube.com/watch?v=AQkbbtDoPq0,filler video,2
2,https://www.youtube.com/watch?v=AQkbbtDoPq0,filler video,11
3,https://www.youtube.com/watch?v=AQkbbtDoPq0,filler video,53
4,https://www.youtube.com/watch?v=AQkbbtDoPq0,filler video,13
5,https://www.youtube.com/watch?v=AQkbbtDoPq0,filler video,24
6,https://www.youtube.com/watch?v=AQkbbtDoPq0,filler video,18
7,https://www.youtube.com/watch?v=AQkbbtDoPq0,filler video,57
8,https://www.youtube.com/watch?v=AQkbbtDoPq0,filler video,53
9,https://www.youtube.com/watch?v=AQkbbtDoPq0,filler video,54
10,https://www.youtube.com/watch?v=AQkbbtDoPq0,filler video,25
11,https://www.youtube.com/watch?v=AQkbbtDoPq0,filler video,26
12,https://www.youtube.com/watch?v=AQkbbtDoPq0,filler video,28
13,https://www.youtube.com/watch?v=AQkbbtDoPq0,filler video,48
14,https://www.youtube.com/watch?v=AQkbbtDoPq0,filler video,57
15,https://www.youtube.com/watch?v=AQkbbtDoPq0,filler video,28
16,https://www.youtube.com/watch?v=AQkbbtDoPq0,filler video,53
17,https://www.youtube.com/watch?v=AQkbbtDoPq0,filler video,22
18,https://www.youtube.com/watch?v=AQkbbtDoPq0,filler video,23
19,https://www.youtube.com/watch?v=AQkbbtDoPq0,filler video,17
20,https://www.youtube.com/watch?v=AQkbbtDoPq0,filler video,31
21,https://www.youtube.com/watch?v=AQkbbtDoPq0,filler video,17
22,https://www.youtube.com/watch?v=AQkbbtDoPq0,filler video,16
23,https://www.youtube.com/watch?v=AQkbbtDoPq0,filler video,57
24,https://www.youtube.com/watch?v=AQkbbtDoPq0,filler video,25
25,https://www.youtube.com/watch?v=AQkbbtDoPq0,filler video,24
26,https://www.youtube.com/watch?v=AQkbbtDoPq0,filler video,16
27,https://www.youtube.com/watch?v=AQkbbtDoPq0,filler video,18
28,https://www.youtube.com/watch?v=AQkbbtDoPq0,filler video,16
29,https://www.youtube.com/watch?v=AQkbbtDoPq0,filler video,32
30,https://www.youtube.com/watch?v=AQkbbtDoPq0,filler video,31
31,https://www.youtube.com/watch?v=AQkbbtDoPq0,filler video,52
32,https://www.youtube.com/watch?v=AQkbbtDoPq0,filler video,32
33,https://www.youtube.com/watch?v=AQkbbtDoPq0,filler video,17
34,https://www.youtube.com/watch?v=AQkbbtDoPq0,filler video,19
35,https://www.youtube.com/watch?v=AQkbbtDoPq0,filler video,57
36,https://www.youtube.com/watch?v=AQkbbtDoPq0,filler video,6
37,https://www.youtube.com/watch?v=AQkbbtDoPq0,filler video,26
38,https://www.youtube.com/watch?v=AQkbbtDoPq0,filler video,52
39,https://www.youtube.com/watch?v=AQkbbtDoPq0,filler video,49
40,https://www.youtube.com/watch?v=AQkbbtDoPq0,filler video,1
41,https://www.youtube.com/watch?v=AQkbbtDoPq0,filler video,21
42,https://www.youtube.com/watch?v=AQkbbtDoPq0,filler video,55
43,https://www.youtube.com/watch?v=AQkbbtDoPq0,filler video,20
44,https://www.youtube.com/watch?v=AQkbbtDoPq0,filler video,13
45,https://www.youtube.com/watch?v=AQkbbtDoPq0,filler video,15
46,https://www.youtube.com/watch?v=AQkbbtDoPq0,filler video,25
47,https://www.youtube.com/watch?v=AQkbbtDoPq0,filler video,14
48,https://www.youtube.com/watch?v=AQkbbtDoPq0,filler video,52
49,https://www.youtube.com/watch?v=AQkbbtDoPq0,filler video,28
50,https://www.youtube.com/watch?v=AQkbbtDoPq0,filler video,47
51,https://www.youtube.com/watch?v=AQkbbtDoPq0,filler video,33
52,https://www.youtube.com/watch?v=AQkbbtDoPq0,filler video,52
53,https://www.youtube.com/watch?v=AQkbbtDoPq0,filler video,49
54,https://www.youtube.com/watch?v=AQkbbtDoPq0,filler video,57
55,https://www.youtube.com/watch?v=AQkbbtDoPq0,filler video,24
56,https://www.youtube.com/watch?v=AQkbbtDoPq0,filler video,57
57,https://www.youtube.com/watch?v=AQkbbtDoPq0,filler video,23
58,https://www.youtube.com/watch?v=AQkbbtDoPq0,filler video,16
59,https://www.youtube.com/watch?v=AQkbbtDoPq0,filler video,33
60,https://www.youtube.com/watch?v=AQkbbtDoPq0,filler video,53
61,https://www.youtube.com/watch?v=AQkbbtDoPq0,filler video,18
62,https://www.youtube.com/watch?v=AQkbbtDoPq0,filler video,13
63,https://www.youtube.com/watch?v=AQkbbtDoPq0,filler video,52
64,https://www.youtube.com/watch?v=AQkbbtDoPq0,filler video,47
65,https://www.youtube.com/watch?v=AQkbbtDoPq0,filler video,14
66,https://www.youtube.com/watch?v=AQkbbtDoPq0,filler video,25
67,https://www.youtube.com/watch?v=AQkbbtDoPq0,filler video,15
68,https://www.youtube.com/watch?v=AQkbbtDoPq0,filler video,47
69,https://www.youtube.com/watch?v=AQkbbtDoPq0,filler video,11
70,https://www.youtube.com/watch?v=AQkbbtDoPq0,filler video,17
71,https://www.youtube.com/watch?v=AQkbbtDoPq0,filler video,10