username,email,password,first_name,last_name,description,photo,type,snow_sports,water_sports,land_sports,air_sports
frosty,abc1@email.net,password,Sean,Klinglesmith,cool dude who likes to film using drones or otherwise,SEAN.jpeg,"Photographer ,Videographer,Drone Operator",Snowboard,Surf,"Skateboard,BMX,Mountain Bike","Sky Dive,Hang Glide"
Cmart,abc2@email.net,password,Christian,Marcy,rad man who loves to shred,Ska1.jpeg,Athlete,Downhill Ski,Water Ski,Skateboard,Hang Glide
JRider,abc3@email.net,password,RJ,Boucher,pro dude who knows how to carve,Rj.jpeg,"Athlete,Pro Athlete","Snowboard,Downhill Ski,snowmobile","Surf,Water Ski",BMX,"Sky Dive,Hang Glide"
balthazar,abc4@email.net,password,Brandon,Wheeler,awesome bro who loves to shred the gnar,Su1.jpeg,Athlete,Snowboard,"Surf,Paddleboard","Mountain Bike, Parkour",Sky Dive
Shred,abc5@email.net,password,Fred,Budde,Fan of sports and loves to take pictures,Ph2.jpeg,"Photographer ,Fan",Downhill Ski,Water Ski,,
Iceman,abc6@email.net,password,Md,Monir,loves to film action sequences,Ph2.jpeg,Videographer,snowmobile,"Surf,Water Ski","Skateboard,BMX,Mountain Bike",
Dhruvp18,abc7@email.net,password,Dhruv,Patel,Timeless traveler ,Ph1.jpeg,"Photographer ,Videographer,Drone Operator",Snowboard,"Surf, Paddleboard",Skateboard,
Andez,abc8@email.net,password,Dylan,Anderson,rad man who loves to shred,SkyDive1.jpeg,"Athlete,Pro Athlete,Drone Operator",Downhill Ski,Water Ski,BMX,"Sky Dive,Hang Glide"
ProfMan,abc8@email.net,password,Dr. ,Baliga,Awesome Professor,Hg1.jpeg,"Athlete,Pro Athlete,Drone Operator",Downhill Ski,Water Ski,,Hang Glide
Dgoodman10,user10@email.net,password,Daniel,Goodman,"Up for anything, lets carve!",SkyDive2.jpeg,Athlete,,"Surf, Water Ski","BMX, Skateboard","Sky Dive,Hang Glide"
HockeyMask11,abc11@email.net,password,Jason ,Vorhees,"Not a big Fan of water sports, but lets hit the snow some time!",Ph1.jpeg,Photographer ,,Kayak,Parkour,Sky Dive
IronMan12,abc12@email.net,password,Tony,Stark,"genius, billionaire, playboy philanthropist, what else do you need?",Su3.jpeg,Athlete,,"Surf, Water Ski","Skateboard,BMX,Mountain Bike",Sky Dive
EddieRox13,abc13@email.net,password,Bruce,Dickenson,I was born to rock and to fly through the sky!,Ph2.jpeg,Photographer ,Snowboard,Water Ski,Skateboard,
TFranks14,abc14@email.net,password,Thomas,Franklin,"Here for a good time, not a long time, into all kinds of extreme sports!",Su3.jpeg,Athlete,Downhill Ski,Surf,BMX,
GoldHand15,abc15@email.net,password,Jamie,Lannister,"I love two things in this world, my family and my extreme sports",Ph3.jpeg,Photographer ,"Snowboard,Downhill Ski,snowmobile","Surf, Water Ski","Mountain Bike, Cliff Dive","Sky Dive,Hang Glide"
HammerMan16,abc16@email.net,password,Robert,Baratheon,The only thing I love more than agood hunt is a good carve! lets do it up! ,Hg1.jpeg,Athlete,Snowboard,Water Ski,Parkour,Hang Glide
Reaper17,abc17@email.net,password,Jaxon,Teller,"When I'm not riding my motorcycle, you can find me on the mountain! ",Ph2.jpeg,Photographer ,Downhill Ski,"Surf, Paddleboard","Skateboard,BMX,Mountain Bike","Sky Dive,Hang Glide"
BestCaptain18,abc18@email.net,password,Jean-luc,Picard,"I'm te best captain, better than kirk, way more extreme",SkyDive1.jpeg,Athlete,snowmobile,"Surf, Water Ski",Skateboard,Sky Dive
Favabeans19,user19@email.net,password,Hannibal,Lecter,"Doctor, phsychologist, chef, people person, lets hang out!",Ph3.jpeg,Photographer ,Snowboard,Water Ski,BMX,Base Jump
Xwing20,user20@email.net,password,Luke,Skywalker,I use the force to shred the gnar! ,Su3.jpeg,Athlete,Downhill Ski,Surf,Rock Climb,Air Race
LoveMyDog21,abc21@email.net,password,John,Wick,my dog and I love to Surf together,Ph3.jpeg,Photographer ,Downhill Ski,"Surf, Water Ski","BMX, Skateboard",BAse Jump
Terminator22,abc22@email.net,password,Sarah,Connor,would travel time for some good waves,Hg1.jpeg,Athlete,Cross-Country Ski,Water Ski,Cliff Dive,"Sky Dive,Hang Glide"
DarkTower23,abc23@email.net,password,Roland,Deschain,"I must find the dark tower, but first, let's carve! ",Ph1.jpeg,Photographer ,Cross-Country Ski,Surf,"Skateboard,BMX,Mountain Bike",Hang Glide
MotleyCrue24,abc24@email.net,password,Nikki,Sixx,The beach is my home sweet home ,SkyDive2.jpeg,Athlete,Cross-Country Ski,"Surf, Water Ski",Skateboard,"Sky Dive,Hang Glide"
CaptMarvel25,abc25@email.net,password,Carol,Danvers,"former airforce test pilot, current Sky Diver",SkyDive2.jpeg,Photographer ,Snowboard,Water Ski,BMX,Sky Dive
BlackWidow26,abc26@email.net,password,Natasha,Romanov,freerunning is my life outside of the avengers,SkPh2.jpeg,Athlete,Downhill Ski,Surf,Mountain Bike,Base Jump
InvisibleWoman27,abc27@email.net,password,Susan,Storm,"Im not always invisible, thatts why i need people to film me ",Ph2.jpeg,Photographer ,"Snowboard,Downhill Ski,snowmobile","Surf, Water Ski",,Air Race
NoOne28,abc28@email.net,password,Arya,Stark,"A girl is noone, except for a great snowborder",Sn1.jpeg,Athlete,Snowboard,Water Ski,"Skateboard,BMX,Mountain Bike",
Rescue29,user29@email.net,password,Pepper,Potts,catch me skydiving with my husband,Ph2.jpeg,Photographer ,Downhill Ski,Surf,Skateboard,"Sky Dive,Hang Glide"
Dishonored30,user30@email.net,password,Corvo,Attano,love to run around and jump off of things,Su3.jpeg,Athlete,snowmobile,"Surf, Water Ski",BMX,Hang Glide