username,email,password,first_name,last_name,description,photo,type,snow_sports,water_sports,land_sports,air_sports
frosty,abc1@email.net,password,Sean,Klinglesmith,cool dude who likes to film using drones or otherwise,dogphoto,"photographer,filmographer,droneOperator",snowboard,surf,"skateboard,BMX,mountainBiking","skydive,hangGlide"
Cmart,abc2@email.net,password,Christian,Marcy,rad man who loves to shred,,athlete,ski,waterSki,skateboard,hangGlide
JRider,abc3@email.net,password,RJ,Boucher,pro dude who knows how to carve,,"athlete,proAthlete","snowboard,ski,snowmobile","surf,waterSki",BMX,"skydive,hangGlide"
balthazar,abc4@email.net,password,Brandon,Wheeler,awesome bro who loves to shred the gnar,big wave,athlete,snowboard,surf,mountainBiking,skydive
Shred,abc5@email.net,password,Fred,Budde,fan of sports and loves to take pictures,,"photographer,fan",ski,waterSki,,
Iceman,abc6@email.net,password,Md,Monir,loves to film action sequences,,filmographer,snowmobile,"surf,waterSki","skateboard,BMX,mountainBiking",
Moneyman,abc7@email.net,password,Dhruv,Patel,cool dude who likes to film using drones or otherwise,,"photographer,filmographer,droneOperator",snowboard,surf,skateboard,
Andez,abc8@email.net,password,Dylan,Anderson,rad man who loves to shred,,"athlete,proAthlete,droneOperator",ski,waterSki,BMX,"skydive,hangGlide"
ProfMan,abc8@email.net,password,Dr. ,Baliga,Awesome Professor,,"athlete,proAthlete,droneOperator",ski,waterSki,,hangGlide
TQILZAW29,blandit.at.nisi@liberoat.co.uk,BSM87JYI0FH,Daquan,Lambert,Something about the user goes here,,athlete,,"surf, waterSki","BMX, skateboard","skydive,hangGlide"
RWSVKCU60,Aliquam.erat.volutpat@anteblandit.edu,OJN77YWI2AS,Dominic,Hebert,Something about the user goes here,,photographer,,waterSki,,skydive
GJUHYYS93,non@mi.co.uk,MDD01JNL1TX,Gail,Ashley,Something about the user goes here,,athlete,,"surf, waterSki","skateboard,BMX,mountainBiking",
RSGCRWK76,Suspendisse@nibhenimgravida.net,VDU74OZP9JU,Yardley,Anthony,Something about the user goes here,,photographer,snowboard,waterSki,skateboard,
NDAPOXH86,Nunc.pulvinar.arcu@et.net,CWP48FWK4KK,Quinn,Rosales,Something about the user goes here,,athlete,ski,surf,BMX,
ASCNINO56,hendrerit.Donec@metusVivamus.edu,IHA62DEC8UN,Kaitlin,Bates,Something about the user goes here,,photographer,"snowboard,ski,snowmobile","surf, waterSki",mountainBiking,"skydive,hangGlide"
QRJMVGA34,diam.lorem@arcuac.net,IDR56KSJ5WY,Donovan,Blackburn,Something about the user goes here,,athlete,snowboard,waterSki,,hangGlide
OEPYRRG66,Vestibulum.ante@dignissim.net,YXC18ZEC4PG,Hadley,Rodgers,Something about the user goes here,,photographer,ski,surf,"skateboard,BMX,mountainBiking","skydive,hangGlide"
FNLFDCG13,conubia@Aenean.edu,OKW71TCM8IJ,Tyrone,Bird,Something about the user goes here,,athlete,snowmobile,"surf, waterSki",skateboard,skydive
FZWNHLR81,sodales.at@orci.edu,EWH35LFU8MU,Ronan,Conway,Something about the user goes here,,photographer,snowboard,waterSki,BMX,
DHZNISW85,lectus@et.edu,WBO89PFO6QM,Callum,Donovan,Something about the user goes here,,athlete,ski,surf,,
JZZEWOU23,mi.fringilla.mi@facilisiSedneque.org,DYD15HEH9PL,Ashton,Foley,Something about the user goes here,,photographer,ski,"surf, waterSki","BMX, skateboard",
RKWOGVO03,ullamcorper.eu@ipsumnuncid.com,CVT33QQZ5UF,Wanda,Harris,Something about the user goes here,,athlete,,waterSki,,"skydive,hangGlide"
WSOJEWL16,eleifend.nunc.risus@Donectempor.ca,YYR73COY8LA,Germaine,Berger,Something about the user goes here,,photographer,,surf,"skateboard,BMX,mountainBiking",hangGlide
TWMDGIA76,ligula.Nullam@pedeCrasvulputate.edu,MFK24TLO5CI,Stone,Chavez,Something about the user goes here,,athlete,,"surf, waterSki",skateboard,"skydive,hangGlide"
ZSXJYWC59,vel.sapien@accumsansed.net,YUH29HBK4WH,Bruno,Diaz,Something about the user goes here,,photographer,snowboard,waterSki,BMX,skydive
PBPQIAL58,vehicula.risus@per.com,ISI54THJ9AG,Ezekiel,Terrell,Something about the user goes here,,athlete,ski,surf,mountainBiking,
SMPDWWB58,semper.dui@ligulatortordictum.edu,TOV24GMT3RJ,Ashely,Shepherd,Something about the user goes here,,photographer,"snowboard,ski,snowmobile","surf, waterSki",,
UEOSBIC33,Maecenas@inaliquet.edu,WNF66CNT9ZQ,Zelenia,Burke,Something about the user goes here,,athlete,snowboard,waterSki,"skateboard,BMX,mountainBiking",
EWPFQTN01,tempus.eu@magna.net,QQQ58WPB2XQ,Blaze,Kelly,Something about the user goes here,,photographer,ski,surf,skateboard,"skydive,hangGlide"
FVBIEVT34,ornare.tortor@eleifendnuncrisus.edu,QMV48IDF6KT,Tarik,Vaughn,Something about the user goes here,,athlete,snowmobile,"surf, waterSki",BMX,hangGlide
INXVPLH52,felis@Nulla.org,DAP26FLZ2WP,Nasim,Harmon,Something about the user goes here,,photographer,snowboard,waterSki,,"skydive,hangGlide"
SYPHXIR48,euismod.et.commodo@duiFuscediam.net,XVB51EBP7FT,Duncan,Gonzalez,Something about the user goes here,,athlete,ski,surf,"BMX, skateboard",skydive
PMZTSJJ25,at@nullavulputatedui.org,ZBV21ISI1JQ,Wylie,Huber,Something about the user goes here,,photographer,ski,"surf, waterSki",,
MNGPTNQ49,facilisis@sodalespurusin.net,APB40WBP6WC,Adele,Mcmillan,Something about the user goes here,,athlete,,waterSki,"skateboard,BMX,mountainBiking",
RLLWSRB03,id.nunc@vehiculaaliquet.ca,OME66OLI8DW,Honorato,Frank,Something about the user goes here,,photographer,,surf,skateboard,
XHXPQBN74,eget.metus.eu@acturpisegestas.net,NIP44UDX6AH,Duncan,Ryan,Something about the user goes here,,athlete,,"surf, waterSki",BMX,"skydive,hangGlide"
KHMHYEA03,velit.eget.laoreet@quisdiamluctus.co.uk,BIC21ZWE7OO,Roary,Webb,Something about the user goes here,,photographer,snowboard,waterSki,mountainBiking,hangGlide
YFVHWZM49,lectus.ante@senectus.co.uk,BZZ22ICZ9UL,Dalton,Matthews,Something about the user goes here,,athlete,ski,surf,,"skydive,hangGlide"
PEQCDUB16,amet.nulla.Donec@eu.ca,KKZ29ELM3RX,Lance,Hooper,Something about the user goes here,,photographer,"snowboard,ski,snowmobile","surf, waterSki","skateboard,BMX,mountainBiking",skydive
ZTQCCYA06,Cras.dolor@elementumat.ca,LYU37OXY2ZP,Flynn,England,Something about the user goes here,,athlete,snowboard,waterSki,skateboard,
OBXXJLD31,ipsum.sodales@eleifendvitae.ca,CHA53YDQ5NV,Dora,Owens,Something about the user goes here,,photographer,ski,surf,BMX,
BEXQTHY51,ac.sem.ut@aliquet.net,QCL71QDV5OM,Brian,Robertson,Something about the user goes here,,athlete,snowmobile,"surf, waterSki",,
NIOCQEX57,Proin.sed@eget.org,FDN86CRF5LE,Montana,Harper,Something about the user goes here,,photographer,snowboard,waterSki,"BMX, skateboard","skydive,hangGlide"
FWPJKVJ38,at.arcu.Vestibulum@utodio.edu,SOM83BIH4KX,Lucius,Singleton,Something about the user goes here,,athlete,ski,surf,,hangGlide
IQJWYSS98,vehicula.et@aultricies.edu,NUH19AQB9WJ,Scarlet,Craft,Something about the user goes here,,photographer,ski,"surf, waterSki","skateboard,BMX,mountainBiking","skydive,hangGlide"
IUTSPXD25,ante@Suspendissealiquetmolestie.org,GBJ57VUC3XM,Tatum,Bradford,Something about the user goes here,,athlete,,waterSki,skateboard,skydive
WTJYSJE67,ipsum.porta.elit@cursus.co.uk,WUE32LOG3VK,Hunter,Griffin,Something about the user goes here,,photographer,,surf,BMX,
FLATOCI70,felis.purus@vehicularisusNulla.net,XEI43GPU4RI,Madonna,Cruz,Something about the user goes here,,athlete,,"surf, waterSki",mountainBiking,
CPBGHJK94,Morbi.neque@nuncQuisqueornare.ca,OTA64VFD8UE,Martin,Reynolds,Something about the user goes here,,photographer,snowboard,waterSki,,
WVJVDZS78,pede@hendrerit.ca,QSX34BOJ8XN,Lance,Finch,Something about the user goes here,,athlete,ski,surf,"skateboard,BMX,mountainBiking","skydive,hangGlide"
GFKPGIL66,ac.ipsum.Phasellus@dictumeuplacerat.edu,PSH29MTN6LV,Nathaniel,Turner,Something about the user goes here,,photographer,"snowboard,ski,snowmobile","surf, waterSki",skateboard,hangGlide
AFHFZZX60,tempor.arcu@pretiumaliquetmetus.ca,XSF97GSH1IA,Kibo,Martinez,Something about the user goes here,,athlete,snowboard,waterSki,BMX,"skydive,hangGlide"
ANGBLOS70,Nullam.vitae.diam@infaucibus.ca,EMP97PEK6SI,Eric,Heath,Something about the user goes here,,photographer,ski,surf,,skydive
UICTMUH96,mollis.Duis.sit@Nullatemporaugue.edu,LNA44LHU4FO,Rogan,Harmon,Something about the user goes here,,athlete,snowmobile,"surf, waterSki","BMX, skateboard",
DAFQPKH63,elementum.lorem@vitaeeratVivamus.co.uk,MDA71VYE0RY,Kieran,Hodges,Something about the user goes here,,photographer,snowboard,waterSki,,
EGBYZTG25,taciti.sociosqu.ad@vitae.edu,DEE85PHB1XY,Zelenia,Abbott,Something about the user goes here,,athlete,ski,surf,"skateboard,BMX,mountainBiking",
MWPQJYY18,massa@ataugueid.edu,SNC61QWO5OP,Colt,Hester,Something about the user goes here,,photographer,ski,"surf, waterSki",skateboard,"skydive,hangGlide"
TIIIUGM73,vitae@odiosagittissemper.co.uk,SAL43DMP4NH,Destiny,Camacho,Something about the user goes here,,athlete,,waterSki,BMX,hangGlide
DGTIOVW14,risus.Duis@nonhendrerit.com,AID66GRO1GZ,Amaya,Mills,Something about the user goes here,,photographer,,surf,mountainBiking,"skydive,hangGlide"
NYEYVXY71,rhoncus.id@CurabiturdictumPhasellus.edu,GUT86YYI7MT,Craig,Webster,Something about the user goes here,,athlete,,"surf, waterSki",,skydive
HAJANZA44,mattis.semper@penatibus.net,WVN95TZF4FK,Phyllis,Walton,Something about the user goes here,,photographer,snowboard,waterSki,"skateboard,BMX,mountainBiking",
YAZGWNE48,fringilla.euismod@etipsum.net,FFQ29RNK9SJ,Cedric,Baker,Something about the user goes here,,athlete,ski,surf,skateboard,
CJCZMII13,pede@magna.co.uk,UEK02GDL0PQ,Shelley,Drake,Something about the user goes here,,photographer,"snowboard,ski,snowmobile","surf, waterSki",BMX,
NOKQEOD41,quam@parturientmontesnascetur.org,WYP66KBJ2XQ,Lee,Copeland,Something about the user goes here,,athlete,snowboard,waterSki,,"skydive,hangGlide"
ANEGSHT53,varius.ultrices@iaculis.com,FKP63XAA1LC,Seth,Solis,Something about the user goes here,,photographer,ski,surf,"BMX, skateboard",hangGlide
YNBBEWS82,quis@lectus.org,EEF28SWL6WJ,Malik,Spence,Something about the user goes here,,athlete,snowmobile,"surf, waterSki",,"skydive,hangGlide"
AUHDJVW58,placerat@Donecnonjusto.com,RSW78NLS1JZ,James,Floyd,Something about the user goes here,,photographer,snowboard,waterSki,"skateboard,BMX,mountainBiking",skydive
ZEYHFDV82,Quisque@felisDonec.org,ZWF16MGX9AS,Emery,Solomon,Something about the user goes here,,athlete,ski,surf,skateboard,
OBSXIEW69,feugiat.metus.sit@metuseuerat.co.uk,XWQ87YNT8YJ,Hillary,Olson,Something about the user goes here,,photographer,ski,"surf, waterSki",BMX,
GMRWFNU84,luctus.sit.amet@Vivamus.ca,YZI74ERW9EJ,Heather,Waller,Something about the user goes here,,athlete,,waterSki,mountainBiking,
KFIZVCC61,primis.in.faucibus@mi.ca,PVT73ZHH3PM,Laith,Ramsey,Something about the user goes here,,photographer,,surf,,"skydive,hangGlide"
UKIZKOI44,sed.tortor@tincidunt.com,VIR88UEI2VV,Roary,Dominguez,Something about the user goes here,,athlete,,"surf, waterSki","skateboard,BMX,mountainBiking",hangGlide
KQVRYNN52,Donec@eueuismod.co.uk,PMU29BCE9GG,Nelle,Mosley,Something about the user goes here,,photographer,snowboard,waterSki,skateboard,"skydive,hangGlide"
JWXHQTS10,et@egestashendreritneque.net,NRE50ORJ1ZJ,Daquan,Martin,Something about the user goes here,,athlete,ski,surf,BMX,skydive
TCKXOYL54,dolor.elit@molestiearcu.net,GVT04EYB0GD,Kylynn,Holman,Something about the user goes here,,photographer,"snowboard,ski,snowmobile","surf, waterSki",,
SAANJXZ49,Quisque.porttitor.eros@egestasDuisac.org,ZEW01ATN4GI,Slade,Stevenson,Something about the user goes here,,athlete,snowboard,waterSki,"BMX, skateboard",
MFVZUDY05,aliquet.odio@orcilacus.org,GXW90VCG8JH,Lael,Vasquez,Something about the user goes here,,photographer,ski,surf,,
PRSZOKY68,Cras.sed.leo@leo.co.uk,NNP61DEH4VI,Norman,Barnes,Something about the user goes here,,athlete,snowmobile,"surf, waterSki","skateboard,BMX,mountainBiking","skydive,hangGlide"
PEFDDCI80,Aliquam.vulputate@FuscemollisDuis.net,IYF80FKW8LO,Jemima,Bush,Something about the user goes here,,photographer,snowboard,waterSki,skateboard,hangGlide
HZYTRAZ05,libero.Morbi.accumsan@vulputate.co.uk,HJO76TEI1SE,Malcolm,Wiggins,Something about the user goes here,,athlete,ski,surf,BMX,"skydive,hangGlide"
ZPDTXYF34,diam.luctus@commodo.co.uk,YLI84EOF1EF,Wallace,Castro,Something about the user goes here,,photographer,ski,"surf, waterSki",mountainBiking,skydive
TTNBPDU60,risus@erosProinultrices.com,FEU91LSO5JL,Deirdre,Hutchinson,Something about the user goes here,,athlete,,waterSki,,
ATFXKDT88,Maecenas.libero@Nuncmauris.co.uk,GHM80UGG9ER,Abbot,Compton,Something about the user goes here,,photographer,,surf,"skateboard,BMX,mountainBiking",
QZBREZX82,nascetur.ridiculus@Integereu.co.uk,LUP60JUY0YQ,August,Ward,Something about the user goes here,,athlete,,"surf, waterSki",skateboard,
SURMXUD54,at.augue.id@accumsanconvallis.edu,EVB79GLV8UI,Ignacia,Cantrell,Something about the user goes here,,photographer,snowboard,waterSki,BMX,"skydive,hangGlide"
ARSJVEL74,non.justo.Proin@Mauris.edu,EEW03OLD0DJ,Hashim,Steele,Something about the user goes here,,athlete,ski,surf,,hangGlide
VSYCYLK90,In@In.ca,IJZ79ZBY1ZG,Scott,Logan,Something about the user goes here,,photographer,"snowboard,ski,snowmobile","surf, waterSki","BMX, skateboard","skydive,hangGlide"
TNFHNLY15,mauris.elit@anteiaculisnec.edu,UXG29WSK7WR,Darius,Singleton,Something about the user goes here,,athlete,snowboard,waterSki,,skydive
LXFVXVS30,tempus.risus@Donecfeugiatmetus.co.uk,VWM42QOJ5AJ,Jessica,Burns,Something about the user goes here,,photographer,ski,surf,"skateboard,BMX,mountainBiking",
FDXMCYV73,Etiam@odiosempercursus.ca,UAO10EGZ6QQ,Imani,Charles,Something about the user goes here,,athlete,snowmobile,"surf, waterSki",skateboard,
NYGWXJV34,at.risus.Nunc@a.ca,YOW19MFI9ZE,Indigo,Munoz,Something about the user goes here,,photographer,snowboard,waterSki,BMX,
XUSNNOF33,In.at@malesuada.edu,CHU91OTI9RS,Avram,Lewis,Something about the user goes here,,athlete,ski,surf,mountainBiking,"skydive,hangGlide"
YQDNHKU10,Nulla.eget.metus@Maecenas.com,LXI34VSS0DD,Lawrence,Morton,Something about the user goes here,,photographer,ski,"surf, waterSki",,hangGlide
RMEMULR79,eleifend@erat.ca,OZJ08QQT6KG,Giacomo,Pace,Something about the user goes here,,athlete,,waterSki,"skateboard,BMX,mountainBiking","skydive,hangGlide"
MWTGECQ82,tellus.justo@nasceturridiculusmus.edu,DXZ79QYY5HN,Maite,Castaneda,Something about the user goes here,,photographer,,surf,skateboard,skydive
KRAXBKM43,sollicitudin.a.malesuada@eutellus.co.uk,NWW95NSD4OH,Coby,Donaldson,Something about the user goes here,,athlete,,"surf, waterSki",BMX,
ZIYBOGI93,magnis.dis@faucibusMorbivehicula.org,ZHJ91DFO9FN,Caryn,Nieves,Something about the user goes here,,photographer,snowboard,waterSki,,
ABFSGSL26,id.erat@nisi.ca,YNO20FML3HR,Chaney,Howell,Something about the user goes here,,athlete,ski,surf,"BMX, skateboard",
JNHEUZI39,sit.amet.ornare@sit.edu,ZYK59NIL3GN,Virginia,Paul,Something about the user goes here,,photographer,"snowboard,ski,snowmobile","surf, waterSki",,"skydive,hangGlide"
CQYLVNT75,elit.erat.vitae@vestibulum.edu,WLR26IAG8RC,Nissim,Fisher,Something about the user goes here,,athlete,snowboard,waterSki,"skateboard,BMX,mountainBiking",hangGlide
TXZYAEY71,Aliquam@at.ca,SLI90KDU8LM,Keely,Gardner,Something about the user goes here,,photographer,ski,surf,skateboard,"skydive,hangGlide"
WONBCOH32,egestas@nonquam.ca,THU26PVH4JU,Dante,Summers,Something about the user goes here,,athlete,snowmobile,"surf, waterSki",BMX,skydive
GNFAHBM62,In.faucibus.Morbi@molestiepharetranibh.org,ABY04QLI9OM,Noah,Kramer,Something about the user goes here,,photographer,snowboard,waterSki,mountainBiking,
NWPDQPP42,netus.et@tellus.edu,ICY67ANR9SW,Jerome,Macdonald,Something about the user goes here,,athlete,ski,surf,,
KPJEBKN21,ornare@consectetuerrhoncus.com,ZBJ66QOS5CF,Rebekah,Fletcher,Something about the user goes here,,photographer,ski,"surf, waterSki","skateboard,BMX,mountainBiking",
AWXYBUI52,Nullam.scelerisque@Proinsed.org,MTE80HJA6EH,Liberty,Daniel,Something about the user goes here,,athlete,,waterSki,skateboard,"skydive,hangGlide"
RJISBQT49,Nulla.tempor@maurisblandit.org,RFC98RHP4EB,Malcolm,Osborne,Something about the user goes here,,photographer,,surf,BMX,hangGlide
ZYCJOXP84,at.libero@iaculisquispede.edu,BYZ58OFT7WN,Octavia,Robbins,Something about the user goes here,,athlete,,"surf, waterSki",,"skydive,hangGlide"
MDLUFMW30,Cras.lorem.lorem@venenatisvelfaucibus.co.uk,UAK89OCA6EX,Beau,Henry,Something about the user goes here,,photographer,snowboard,waterSki,"BMX, skateboard",skydive
NYKJBCQ57,amet@vel.ca,OKG67STX7VF,Amir,Salas,Something about the user goes here,,athlete,ski,surf,,
PCPDADQ69,sit.amet@necanteblandit.co.uk,XKC49WWQ4WG,Heather,Kirby,Something about the user goes here,,photographer,"snowboard,ski,snowmobile","surf, waterSki","skateboard,BMX,mountainBiking",
XLFCMRX17,erat.volutpat@risusMorbimetus.edu,KAY68MZU7GX,Maite,Pierce,Something about the user goes here,,athlete,snowboard,waterSki,skateboard,
NWPAGGC05,diam.vel@Aliquamtinciduntnunc.net,FLR44XEI9LT,Peter,Tate,Something about the user goes here,,photographer,ski,surf,BMX,"skydive,hangGlide"
SUVUSQN59,fermentum.arcu@egetvolutpatornare.edu,PUE82ZNP3CF,Chadwick,Hooper,Something about the user goes here,,athlete,snowmobile,"surf, waterSki",mountainBiking,hangGlide
DNUDFVK03,convallis@ligula.com,MVG01TDD9CV,Leigh,Bailey,Something about the user goes here,,photographer,snowboard,waterSki,,"skydive,hangGlide"
ZREPKDM79,massa@Aliquamerat.net,FWR70ZXI7XL,Kasimir,Paul,Something about the user goes here,,athlete,ski,surf,"skateboard,BMX,mountainBiking",skydive
GUUZFWS45,pede.malesuada.vel@hendrerit.org,LNU50MZP2YE,Halla,Carver,Something about the user goes here,,photographer,ski,"surf, waterSki",skateboard,
UZLXOUH18,eu.turpis.Nulla@eleifend.com,ZUR20XSB4ES,Geoffrey,Valencia,Something about the user goes here,,athlete,,waterSki,BMX,
PLZVOUO22,lectus.pede.et@luctusipsumleo.ca,NMB68SDH8IH,Kim,Conrad,Something about the user goes here,,photographer,,surf,,
GMOBBAW93,a@quis.org,TLH49SSA9LW,Xanthus,Dalton,Something about the user goes here,,athlete,,"surf, waterSki","BMX, skateboard","skydive,hangGlide"
LLHCERO57,commodo.tincidunt.nibh@augueporttitorinterdum.edu,HIA75KBB1WB,Tara,Porter,Something about the user goes here,,photographer,snowboard,waterSki,,hangGlide
RUWXCEO00,nascetur.ridiculus@variusultrices.net,LCD09UMH6KU,Mercedes,Trevino,Something about the user goes here,,athlete,ski,surf,"skateboard,BMX,mountainBiking","skydive,hangGlide"
SJSWGPA38,orci.luctus@risusDonec.ca,NYK13RYX6ZM,Graham,Bryan,Something about the user goes here,,photographer,"snowboard,ski,snowmobile","surf, waterSki",skateboard,skydive
HEAEULV85,velit.eu@felispurusac.com,XMP70ROB0OH,Lillith,Phillips,Something about the user goes here,,athlete,snowboard,waterSki,BMX,
KSDYHRT69,scelerisque.mollis.Phasellus@duisemper.com,BSM13IPM4CA,Kieran,Benson,Something about the user goes here,,photographer,ski,surf,mountainBiking,
NLZJSFH91,rhoncus@duiCum.ca,KBN45QKA1BP,Hoyt,Clements,Something about the user goes here,,athlete,snowmobile,"surf, waterSki",,
EHAXGHD39,in.hendrerit@Donecnon.ca,AUY11OGG2BU,Willa,Conway,Something about the user goes here,,photographer,snowboard,waterSki,"skateboard,BMX,mountainBiking","skydive,hangGlide"
IXDDHYH61,eget.laoreet.posuere@dolorsitamet.net,CKM72JJO1IZ,Carlos,Mcknight,Something about the user goes here,,athlete,ski,surf,skateboard,hangGlide
GUSZURG31,rhoncus.Nullam.velit@enimnon.ca,UFS53OOZ5UA,Nomlanga,Weiss,Something about the user goes here,,photographer,ski,"surf, waterSki",BMX,"skydive,hangGlide"
EMSVTFW15,accumsan.sed@eu.net,FTA05NDA8WW,Jonah,Burns,Something about the user goes here,,athlete,,waterSki,,skydive
GYYISQD56,Quisque.nonummy@Curabiturmassa.com,PNK91CGD5RI,Wade,Cox,Something about the user goes here,,photographer,,surf,"BMX, skateboard",
ZHEITGV15,tempor.est.ac@vehicula.edu,VGC14JRN7UC,Portia,Lynch,Something about the user goes here,,athlete,,"surf, waterSki",,
JQJVGJE61,lorem.fringilla@ridiculus.net,CHI50ZSL1GC,Kaye,Shepard,Something about the user goes here,,photographer,snowboard,waterSki,"skateboard,BMX,mountainBiking",
GBKMRDX56,Nunc.ullamcorper@nascetur.edu,TBC89JDH4LH,Stacey,Salazar,Something about the user goes here,,athlete,ski,surf,skateboard,"skydive,hangGlide"
ZCTUJEI00,est.ac@Praesentluctus.co.uk,QTR51UFU6VM,Nathaniel,Harrell,Something about the user goes here,,photographer,"snowboard,ski,snowmobile","surf, waterSki",BMX,hangGlide
TVBXQAL12,vel.sapien@pedemalesuadavel.co.uk,JJN67DVY8SQ,Simon,Ellison,Something about the user goes here,,athlete,snowboard,waterSki,mountainBiking,"skydive,hangGlide"
GIXNSVH41,Integer.vitae.nibh@AliquamnislNulla.org,DCX98DBK0EO,Sage,Fowler,Something about the user goes here,,photographer,ski,surf,,skydive
WTPORWO83,sapien.imperdiet@eu.org,HUI46VJQ4VV,Autumn,Park,Something about the user goes here,,athlete,snowmobile,"surf, waterSki","skateboard,BMX,mountainBiking",
PERFKGA64,Aenean.egestas@Suspendisseseddolor.org,XNA31FXY0TJ,Emily,Ramirez,Something about the user goes here,,photographer,snowboard,waterSki,skateboard,
JLBDPNL83,risus.varius.orci@imperdietdictum.co.uk,QDR43MJG4DX,Fuller,Johnston,Something about the user goes here,,athlete,ski,surf,BMX,
MAYHFGJ73,facilisis.eget@turpis.edu,QTE80VME2QJ,Octavius,Elliott,Something about the user goes here,,photographer,ski,"surf, waterSki",,"skydive,hangGlide"
FLFBSXN20,Nullam@lectusNullam.org,BPZ01KIK3GO,Jemima,Robbins,Something about the user goes here,,athlete,,waterSki,"BMX, skateboard",hangGlide
MAGCTQE49,massa.Mauris@necanteblandit.ca,PAU87MND8KU,Cynthia,Hester,Something about the user goes here,,photographer,,surf,,"skydive,hangGlide"
FFEYXUQ34,molestie.Sed@Maecenasliberoest.com,ZME42VQJ8VY,Murphy,Alford,Something about the user goes here,,athlete,,"surf, waterSki","skateboard,BMX,mountainBiking",skydive
LDXKOEX31,vulputate.nisi.sem@consectetuer.co.uk,PYW80TDP1DY,Thane,Burch,Something about the user goes here,,photographer,snowboard,waterSki,skateboard,
TDHHCUW39,malesuada.malesuada@ametloremsemper.co.uk,GFS01DHR8UQ,Peter,Jennings,Something about the user goes here,,athlete,ski,surf,BMX,
DTUPCBO91,neque.Nullam.ut@arcueu.com,XXW16DSA3MY,Lillian,Vargas,Something about the user goes here,,photographer,"snowboard,ski,snowmobile","surf, waterSki",mountainBiking,
UECUBJP25,vehicula.risus.Nulla@iaculisneceleifend.net,MIP22EJI0PQ,Judah,Crane,Something about the user goes here,,athlete,snowboard,waterSki,,"skydive,hangGlide"
HTKKJZG43,ipsum@nisisemsemper.co.uk,URB10HKW9ZG,Abra,Stewart,Something about the user goes here,,photographer,ski,surf,"skateboard,BMX,mountainBiking",hangGlide
EIFPZLC39,Nunc.ut@orci.ca,EPJ18CGT0XX,Karleigh,Richards,Something about the user goes here,,athlete,snowmobile,"surf, waterSki",skateboard,"skydive,hangGlide"
IGFIQWX98,non@ipsumcursus.co.uk,UGV74CTP1ET,Chelsea,Fitzgerald,Something about the user goes here,,photographer,snowboard,waterSki,BMX,skydive
KOFOSNU46,vel.venenatis@Integer.edu,JCV98GUR1PI,Karleigh,Ray,Something about the user goes here,,athlete,ski,surf,,
TZZESVX66,neque.sed.dictum@iaculisodio.com,IQI25GRE4EI,Veda,Turner,Something about the user goes here,,photographer,ski,"surf, waterSki","BMX, skateboard",
NSQGPXP33,augue.Sed@risusQuisque.edu,QRV45REX2HA,Camden,Alston,Something about the user goes here,,athlete,,waterSki,,
VLGQUYN62,lectus.rutrum.urna@vitaedolorDonec.net,YLD78YPS9UL,Cadman,Larson,Something about the user goes here,,photographer,,surf,"skateboard,BMX,mountainBiking","skydive,hangGlide"
PXZDAMI19,neque.venenatis@variusNamporttitor.net,JDG29TOA2UH,Kitra,Richardson,Something about the user goes here,,athlete,,"surf, waterSki",skateboard,hangGlide
REZFADE74,cursus.purus@blanditcongueIn.org,OLO62KAA4YC,Vaughan,Barr,Something about the user goes here,,photographer,snowboard,waterSki,BMX,"skydive,hangGlide"
XSWEIRQ63,mattis@Maecenas.com,RZQ36SSS4MZ,Naomi,Bowman,Something about the user goes here,,athlete,ski,surf,mountainBiking,skydive
KXLCTFH84,arcu.Vestibulum.ante@nibhDonecest.co.uk,MXA26EHQ0ZQ,Orson,Pratt,Something about the user goes here,,photographer,"snowboard,ski,snowmobile","surf, waterSki",,
COFWJOZ73,commodo.at.libero@MorbivehiculaPellentesque.ca,KHT38XAL8SU,Julie,Lawson,Something about the user goes here,,athlete,snowboard,waterSki,"skateboard,BMX,mountainBiking",
RXWGANL12,metus.facilisis.lorem@laoreet.net,LXJ64LXG6QT,Wang,Chen,Something about the user goes here,,photographer,ski,surf,skateboard,
MWYFHDO44,sit@volutpat.ca,TBX29RBQ1OL,Owen,Valentine,Something about the user goes here,,athlete,snowmobile,"surf, waterSki",BMX,"skydive,hangGlide"
ESAZXKY09,ultricies@dolorFuscefeugiat.edu,SYK62KWC7PB,Colt,Lyons,Something about the user goes here,,photographer,snowboard,waterSki,,hangGlide
LEFCBZC95,dolor.Fusce@vehicula.org,GTT10MJS4FU,Slade,Alston,Something about the user goes here,,athlete,ski,surf,"BMX, skateboard","skydive,hangGlide"
CWFIICX68,non@erosnectellus.org,ZNW35KKD0YL,Ezra,Rose,Something about the user goes here,,photographer,ski,"surf, waterSki",,skydive
EDQDXVZ00,vulputate.eu@magnisdis.ca,IVF20YUR5TP,Elton,Dale,Something about the user goes here,,athlete,,waterSki,"skateboard,BMX,mountainBiking",
RHDEEDC23,commodo@condimentumDonecat.net,WDA21FDG0LF,Madaline,Mendoza,Something about the user goes here,,photographer,,surf,skateboard,
LEZBMBC24,vehicula.Pellentesque.tincidunt@mollislectuspede.com,UZR64USB1JP,Rhea,Massey,Something about the user goes here,,athlete,,"surf, waterSki",BMX,
GVNSPFN27,mi@semper.com,FYY04YZV2PP,Shoshana,Nieves,Something about the user goes here,,photographer,snowboard,waterSki,mountainBiking,"skydive,hangGlide"
FHSJJOD88,neque.sed.sem@augueeu.co.uk,WII36ZON6IZ,Thaddeus,Compton,Something about the user goes here,,athlete,ski,surf,,hangGlide
CSXLNXL34,sapien.molestie@utodio.net,AIH09JII8MV,Sawyer,Macias,Something about the user goes here,,photographer,"snowboard,ski,snowmobile","surf, waterSki","skateboard,BMX,mountainBiking","skydive,hangGlide"
ABDDLMR29,erat.eget.tincidunt@disparturientmontes.co.uk,EGV78BZI9SM,Holly,Park,Something about the user goes here,,athlete,snowboard,waterSki,skateboard,skydive
JCZHJVP12,commodo.ipsum@facilisisnonbibendum.net,JCX82PWT2TI,Ivory,Cain,Something about the user goes here,,photographer,ski,surf,BMX,
CXAVMQF52,est.ac.facilisis@liberoDonecconsectetuer.co.uk,VXF93SAI4OT,Abraham,Evans,Something about the user goes here,,athlete,snowmobile,"surf, waterSki",,
GVBFHQA39,dapibus.quam@neque.org,IAW73YSJ3RY,Mariam,Berger,Something about the user goes here,,photographer,snowboard,waterSki,"BMX, skateboard",
IEPQQFO84,arcu.Vestibulum@eumetusIn.com,DXQ27LGU6MV,Skyler,Snyder,Something about the user goes here,,athlete,ski,surf,,"skydive,hangGlide"
ZBNAXDY57,in.lobortis.tellus@odioAliquam.com,HRF84BKT3DW,Myra,Clarke,Something about the user goes here,,photographer,ski,"surf, waterSki","skateboard,BMX,mountainBiking",hangGlide
TAKYKGE20,orci@interdumenim.co.uk,IGU15ILF4HZ,Erasmus,Harrington,Something about the user goes here,,athlete,,waterSki,skateboard,"skydive,hangGlide"
WVOTPEE88,pede.Nunc.sed@In.net,RIC01PCN6OF,Phelan,Wagner,Something about the user goes here,,photographer,,surf,BMX,skydive
MWZINYV78,quam.Curabitur@sapien.org,AOC28RKB7YO,Raymond,Hays,Something about the user goes here,,athlete,,"surf, waterSki",mountainBiking,
TUMCLRT31,mollis@Suspendissenon.ca,VSK44ELV3EU,Cole,Garza,Something about the user goes here,,photographer,snowboard,waterSki,,
RCTYXTC95,Vestibulum.accumsan.neque@sedconsequatauctor.net,PYE71GJC9KP,Galvin,Hall,Something about the user goes here,,athlete,ski,surf,"skateboard,BMX,mountainBiking",
HEFMXQQ78,sit.amet@VivamusnisiMauris.edu,JDJ45YSG3CQ,Leigh,William,Something about the user goes here,,photographer,"snowboard,ski,snowmobile","surf, waterSki",skateboard,"skydive,hangGlide"
VXPMSTQ22,Maecenas.libero.est@Cumsociisnatoque.org,AHV47IHP3OP,Sage,Hodge,Something about the user goes here,,athlete,snowboard,waterSki,BMX,hangGlide
RMACPAZ18,laoreet.lectus@et.ca,AFP45DDG1SX,Kane,Jarvis,Something about the user goes here,,photographer,ski,surf,,"skydive,hangGlide"
VRXBTBK16,nulla.Cras@consectetuereuismod.co.uk,JFY96EQN8XK,Barclay,Knowles,Something about the user goes here,,athlete,snowmobile,"surf, waterSki","BMX, skateboard",skydive
GDZYQPF10,senectus@volutpatNulla.ca,BPC56FKG2VX,Karleigh,Mcneil,Something about the user goes here,,photographer,snowboard,waterSki,,
HVTSOSC14,tincidunt.Donec@Phasellusnulla.ca,ETX81LKF5SV,Nathaniel,Browning,Something about the user goes here,,athlete,ski,surf,"skateboard,BMX,mountainBiking",
KQILUXW37,turpis@eueleifend.net,VQR70BMA6FB,Cassady,Lang,Something about the user goes here,,photographer,ski,"surf, waterSki",skateboard,
NZTKETU90,tincidunt.aliquam@lobortismauris.com,FGW49ACH8YE,Chancellor,Blevins,Something about the user goes here,,athlete,,waterSki,BMX,"skydive,hangGlide"
HGIPIFU65,neque.venenatis.lacus@odiovelest.co.uk,RFC82UMY0FB,Anthony,Ramirez,Something about the user goes here,,photographer,,surf,mountainBiking,hangGlide
KKSQAHJ98,orci.lacus@enimcondimentumeget.co.uk,FZI21ZLF8SK,Shana,Cain,Something about the user goes here,,athlete,,"surf, waterSki",,"skydive,hangGlide"
AWGCTFI11,Morbi@convalliserat.net,YGO17AAO8KN,Adena,Bridges,Something about the user goes here,,photographer,snowboard,waterSki,"skateboard,BMX,mountainBiking",skydive
QQRROUC51,ante.blandit.viverra@sodalesatvelit.org,RYD58HZN3FL,Patience,Cole,Something about the user goes here,,athlete,ski,surf,skateboard,
BBATBYN44,enim@sagittis.edu,NKC70TFZ2SQ,Felix,Koch,Something about the user goes here,,photographer,"snowboard,ski,snowmobile","surf, waterSki",BMX,
YNYUDZV74,dui.nec@tincidunt.org,XWK72FGN7CX,Ulysses,Sharp,Something about the user goes here,,athlete,snowboard,waterSki,,
TNMUXLE45,sem.magna.nec@DonecegestasDuis.net,DAG84EZA7KL,Carol,Wolf,Something about the user goes here,,photographer,ski,surf,"BMX, skateboard","skydive,hangGlide"
ZVKGSNS18,magna.Praesent@fringilla.co.uk,LEP82RKG9VV,Marah,Blackwell,Something about the user goes here,,athlete,snowmobile,"surf, waterSki",,hangGlide
POKQQCX36,Morbi.sit@scelerisqueduiSuspendisse.co.uk,TUQ24QQK1LL,Alfreda,Perez,Something about the user goes here,,photographer,snowboard,waterSki,"skateboard,BMX,mountainBiking","skydive,hangGlide"
WWRZBBB57,Cras.lorem.lorem@Sed.org,JTB77YBT2TW,Kasimir,Houston,Something about the user goes here,,athlete,ski,surf,skateboard,skydive
FVUSJVE64,ut.nisi.a@utpellentesqueeget.com,UMP89CQE2OF,Lara,Fry,Something about the user goes here,,photographer,ski,"surf, waterSki",BMX,
VWEJXQG68,Nunc.lectus@fringilla.co.uk,BEO90OKB0RI,Maya,Steele,Something about the user goes here,,athlete,,waterSki,mountainBiking,
KXQXYZS59,fringilla.Donec.feugiat@atlacusQuisque.net,POD63ZIC4ZV,Demetrius,Spence,Something about the user goes here,,photographer,,surf,,
VVRIYTG92,enim@facilisis.ca,ROL19LCL9MB,Kirby,Baxter,Something about the user goes here,,athlete,,"surf, waterSki","skateboard,BMX,mountainBiking","skydive,hangGlide"
LHARLEZ62,penatibus@ipsumacmi.org,NPW56UGZ6SC,Jesse,Barber,Something about the user goes here,,photographer,snowboard,waterSki,skateboard,hangGlide
XWZMPOB93,sem.egestas@scelerisquelorem.edu,III95RVH5IF,Gretchen,Mcgowan,Something about the user goes here,,athlete,ski,surf,BMX,"skydive,hangGlide"
XVAULGU54,suscipit.nonummy.Fusce@Quisque.org,KWB60GXL1AY,Keely,Middleton,Something about the user goes here,,photographer,"snowboard,ski,snowmobile","surf, waterSki",,skydive
VPVXPGG83,eu.odio.tristique@dictumPhasellus.ca,PHM86MYD2JM,Samantha,Dotson,Something about the user goes here,,athlete,snowboard,waterSki,"BMX, skateboard",
MHWEOGQ85,vitae.orci.Phasellus@quismassa.edu,OFK60JCK6JJ,Christopher,Vargas,Something about the user goes here,,photographer,ski,surf,,